id,name,int,war,cha,born,died,start_190,lord_190,province_190,debut_year,joins_relative,family_group
cao-cao,Cao Cao,91,72,96,155,220,serving,Cao Cao,Chenliu,,,Cao Cao
xiahou-dun,Xiahou Dun,58,90,72,157,220,serving,Cao Cao,Chenliu,,,Cao Cao
xiahou-yuan,Xiahou Yuan,55,91,67,160,219,serving,Cao Cao,Chenliu,,,Cao Cao
cao-ren,Cao Ren,62,86,73,168,223,serving,Cao Cao,Chenliu,,,Cao Cao
cao-hong,Cao Hong,42,79,58,169,232,serving,Cao Cao,Chenliu,,,Cao Cao
cao-chun,Cao Chun,55,74,62,170,210,serving,Cao Cao,Chenliu,,,Cao Cao
yue-jin,Yue Jin,52,84,58,160,218,serving,Cao Cao,Chenliu,,,
li-dian,Li Dian,72,77,68,174,209,serving,Cao Cao,Chenliu,,,
dian-wei,Dian Wei,35,97,50,160,210,appears later,,Chenliu,192,,
xu-chu,Xu Chu,36,96,55,170,230,appears later,,Chenliu,195,,
zhang-liao,Zhang Liao,78,93,80,169,222,serving,Dong Zhuo,Chang'an,,,
xu-huang,Xu Huang,70,90,66,169,227,appears later,,Luoyang,195,,
zhang-he,Zhang He,71,89,64,167,231,serving,Han Fu,Ye,,,
yu-jin,Yu Jin,70,78,58,160,221,serving,Liu Dai,Puyang,,,
pang-de,Pang De,64,94,66,170,219,serving,Ma Teng,Tianshui,,,
guo-jia,Guo Jia,98,15,78,170,207,appears later,,Chenliu,192,,
xun-yu,Xun Yu,95,20,90,163,212,appears later,,Chenliu,192,,
xun-you,Xun You,94,30,75,157,214,appears later,,Chenliu,192,,
cheng-yu,Cheng Yu,91,45,60,141,220,appears later,,Chenliu,191,,
jia-xu,Jia Xu,97,43,58,147,223,serving,Dong Zhuo,Hongnong,,,
liu-ye,Liu Ye,88,32,60,170,234,appears later,,Chenliu,191,,
man-chong,Man Chong,82,58,70,165,242,free (searchable),,Luoyang,190,,
sima-yi,Sima Yi,98,63,88,179,251,appears later,,Luoyang,195,Cao Cao,
chen-qun,Chen Qun,80,25,72,165,237,appears later,,Xuchang,206,,
zhong-yao,Zhong Yao,82,20,74,151,230,free (searchable),,Xuchang,189,,
cao-pi,Cao Pi,80,70,82,187,226,appears later,,Xuchang,202,Cao Cao,Cao Cao
cao-zhang,Cao Zhang,38,91,60,189,223,appears later,,Xuchang,205,Cao Cao,Cao Cao
cao-zhen,Cao Zhen,67,79,72,185,231,appears later,,Xuchang,200,Cao Cao,Cao Cao
cao-xiu,Cao Xiu,63,78,65,180,228,appears later,,Xuchang,205,Cao Cao,Cao Cao
wen-pin,Wen Pin,70,80,68,170,230,serving,Liu Biao,Jiangling,,,
hao-zhao,Hao Zhao,80,74,68,190,233,appears later,,Jinyang,201,,
deng-ai,Deng Ai,92,82,70,197,264,appears later,,Wan,225,,
jia-kui,Jia Kui,80,50,66,174,228,appears later,,Hongnong,200,,
chen-gong,Chen Gong,90,52,70,150,215,serving,Cao Cao,Chenliu,,,
hua-xin,Hua Xin,78,25,65,157,232,appears later,,Yuzhang,195,,
jiang-ji,Jiang Ji,84,30,62,170,249,appears later,,Shouchun,200,,
liu-bei,Liu Bei,78,75,99,161,223,serving,Liu Bei,Pingyuan,,,Liu Bei
guan-yu,Guan Yu,79,98,93,160,220,serving,Liu Bei,Pingyuan,,,Liu Bei
zhang-fei,Zhang Fei,30,99,45,167,221,serving,Liu Bei,Pingyuan,,,Liu Bei
zhao-yun,Zhao Yun,76,96,88,168,229,serving,Gongsun Zan,Beiping,,,
zhuge-liang,Zhuge Liang,100,38,94,181,234,appears later,,Wan,196,,
pang-tong,Pang Tong,97,34,70,179,225,appears later,,Jiangling,194,,
xu-shu,Xu Shu,93,65,80,170,234,appears later,,Jiangling,192,,
fa-zheng,Fa Zheng,94,47,64,176,225,appears later,,Chengdu,191,,
huang-zhong,Huang Zhong,60,95,75,148,220,serving,Liu Biao,Jiangling,,,
wei-yan,Wei Yan,68,92,55,170,234,serving,Liu Biao,Xiangyang,,,
ma-chao,Ma Chao,44,97,80,176,222,serving,Ma Teng,Tianshui,,Ma Teng,Ma Teng
ma-dai,Ma Dai,50,80,60,178,240,appears later,,Wuwei,192,Ma Teng,Ma Teng
guan-ping,Guan Ping,65,80,70,178,225,appears later,,Pingyuan,195,Guan Yu,Liu Bei
jian-yong,Jian Yong,70,33,80,162,215,serving,Liu Bei,Pingyuan,,,
sun-qian,Sun Qian,76,30,82,160,215,serving,Liu Bei,Pingyuan,,,
mi-zhu,Mi Zhu,70,30,85,165,221,serving,Tao Qian,Xiapi,,,Mi Zhu
mi-fang,Mi Fang,35,60,40,165,222,serving,Tao Qian,Xiapi,,,Mi Zhu
ma-liang,Ma Liang,88,30,82,187,225,appears later,,Jiangling,202,,
ma-su,Ma Su,85,60,64,190,228,appears later,,Jiangling,205,,
jiang-wan,Jiang Wan,88,35,82,188,246,appears later,,Lingling,202,,
fei-yi,Fei Yi,86,30,84,190,253,appears later,,Chengdu,210,,
wang-ping,Wang Ping,72,78,60,180,248,appears later,,Hanzhong,202,,
liao-hua,Liao Hua,62,72,58,170,250,appears later,,Xuchang,194,,
zhou-cang,Zhou Cang,32,80,50,170,225,appears later,,Luoyang,192,,
chen-dao,Chen Dao,60,82,65,170,230,not placed,,,,,
huang-quan,Huang Quan,83,60,75,170,240,serving,Liu Yan,Chengdu,,,
yan-yan,Yan Yan,70,82,74,150,220,serving,Liu Yan,Jiangzhou,,,
zhang-ren,Zhang Ren,76,86,70,170,225,serving,Liu Yan,Zitong,,,
li-yan,Li Yan,80,82,70,170,234,serving,Liu Yan,Chengdu,,,
wu-yi,Wu Yi,64,78,66,170,237,serving,Liu Yan,Chengdu,,,
jiang-wei,Jiang Wei,92,88,82,202,264,appears later,,Tianshui,222,,
guan-xing,Guan Xing,60,84,70,199,234,appears later,,Pingyuan,203,Guan Yu,Liu Bei
zhang-bao,Zhang Bao,45,85,55,199,229,appears later,,Pingyuan,204,Zhang Fei,Liu Bei
li-hui,Li Hui,78,60,70,175,231,appears later,,Hanzhong,193,,
ma-zhong,Ma Zhong,65,75,60,185,249,not placed,,,,,
sun-jian,Sun Jian,68,91,88,156,210,serving,Sun Jian,Changsha,,,Sun Jian
sun-ce,Sun Ce,70,94,95,175,215,serving,Sun Jian,Changsha,,,Sun Jian
sun-quan,Sun Quan,84,67,95,182,252,appears later,,Changsha,197,Sun Jian,Sun Jian
zhou-yu,Zhou Yu,97,72,92,175,218,appears later,,Jianye,194,Sun Jian,
lu-su,Lu Su,93,55,88,172,217,appears later,,Jianye,200,Sun Jian,
lu-meng,Lu Meng,90,82,78,178,225,appears later,,Jianye,193,Sun Jian,
lu-xun,Lu Xun,96,70,88,183,245,appears later,,Jianye,200,Sun Jian,
zhang-zhao,Zhang Zhao,90,20,80,156,236,appears later,,Jianye,195,,
zhang-hong,Zhang Hong,88,18,75,153,212,appears later,,Jianye,195,,
cheng-pu,Cheng Pu,78,82,80,155,215,serving,Sun Jian,Changsha,,,
huang-gai,Huang Gai,73,84,75,150,215,serving,Sun Jian,Changsha,,,
han-dang,Han Dang,50,82,60,155,223,serving,Sun Jian,Changsha,,,
zu-mao,Zu Mao,45,78,55,160,210,serving,Sun Jian,Changsha,,,
taishi-ci,Taishi Ci,62,95,78,166,215,free (searchable),,Beihai,190,,
gan-ning,Gan Ning,70,94,65,175,222,free (searchable),,Changsha,190,,
zhou-tai,Zhou Tai,45,90,60,170,225,free (searchable),,Changsha,189,,
jiang-qin,Jiang Qin,55,81,62,170,219,free (searchable),,Lujiang,190,,
ling-cao,Ling Cao,40,80,60,160,210,free (searchable),,Shouchun,189,,
ling-tong,Ling Tong,50,88,68,189,237,appears later,,Shouchun,200,Ling Cao,
xu-sheng,Xu Sheng,74,84,66,177,228,appears later,,Wu,200,,
ding-feng,Ding Feng,64,82,60,190,271,free (searchable),,Changsha,189,,
pan-zhang,Pan Zhang,45,80,40,180,234,appears later,,Yuzhang,191,,
zhu-huan,Zhu Huan,70,84,62,177,238,appears later,,Wu,201,,
zhuge-jin,Zhuge Jin,84,40,85,174,241,appears later,,Luoyang,195,,
gu-yong,Gu Yong,84,20,78,168,243,appears later,,Jianye,192,,
bu-zhi,Bu Zhi,82,40,72,178,247,appears later,,Xiapi,200,,
kan-ze,Kan Ze,84,20,68,170,243,appears later,,Kuaiji,200,,
yu-fan,Yu Fan,85,40,50,164,233,serving,Wang Lang,Kuaiji,,,
chen-wu,Chen Wu,40,82,64,176,220,appears later,,Lujiang,195,,
sun-jing,Sun Jing,55,65,70,160,230,serving,Sun Jian,Changsha,,,Sun Jian
wu-jing,Wu Jing,50,60,65,160,210,serving,Sun Jian,Changsha,,,Sun Jian
zhu-zhi,Zhu Zhi,70,64,72,156,224,serving,Sun Jian,Changsha,,,
sun-shangxiang,Sun Shangxiang,60,78,80,190,250,appears later,,Changsha,205,Sun Jian,Sun Jian
dong-zhuo,Dong Zhuo,70,86,40,139,205,serving,Dong Zhuo,Luoyang,,,
lu-bu,Lu Bu,26,100,45,161,215,serving,Dong Zhuo,Luoyang,,,
li-ru,Li Ru,90,30,40,150,205,serving,Dong Zhuo,Luoyang,,,
hua-xiong,Hua Xiong,40,88,40,150,205,serving,Dong Zhuo,Luoyang,,,
li-jue,Li Jue,30,75,25,150,205,serving,Dong Zhuo,Hongnong,,,
guo-si,Guo Si,25,72,25,150,205,serving,Dong Zhuo,Hongnong,,,
zhang-ji,Zhang Ji,45,72,50,150,205,serving,Dong Zhuo,Chang'an,,,
fan-chou,Fan Chou,30,74,30,150,205,serving,Dong Zhuo,Chang'an,,,
niu-fu,Niu Fu,25,68,30,150,205,serving,Dong Zhuo,Hongnong,,,
xu-rong,Xu Rong,60,72,45,150,205,serving,Dong Zhuo,Luoyang,,,
li-su,Li Su,72,60,60,150,205,serving,Dong Zhuo,Luoyang,,,
hu-zhen,Hu Zhen,40,68,35,150,210,serving,Dong Zhuo,Luoyang,,,
zhang-xiu,Zhang Xiu,60,80,65,170,212,serving,Dong Zhuo,Chang'an,,,
gao-shun,Gao Shun,60,88,68,160,215,serving,Dong Zhuo,Chang'an,,,
yuan-shao,Yuan Shao,70,70,90,150,205,serving,Yuan Shao,Nanpi,,,Yuan Shao
yan-liang,Yan Liang,40,93,50,160,210,serving,Yuan Shao,Nanpi,,,
wen-chou,Wen Chou,30,94,50,160,210,serving,Yuan Shao,Nanpi,,,
tian-feng,Tian Feng,95,30,62,150,210,serving,Yuan Shao,Nanpi,,,
ju-shou,Ju Shou,94,45,70,150,210,serving,Han Fu,Ye,,,
shen-pei,Shen Pei,80,60,70,150,210,serving,Han Fu,Ye,,,
feng-ji,Feng Ji,74,30,40,150,205,serving,Yuan Shao,Nanpi,,,
guo-tu,Guo Tu,76,35,40,150,205,serving,Yuan Shao,Nanpi,,,
xu-you,Xu You,85,30,40,150,205,serving,Yuan Shao,Nanpi,,,
chunyu-qiong,Chunyu Qiong,60,70,40,150,205,serving,Yuan Shao,Nanpi,,,
yuan-tan,Yuan Tan,50,68,60,173,210,serving,Yuan Shao,Nanpi,,,Yuan Shao
yuan-xi,Yuan Xi,55,55,60,175,210,serving,Yuan Shao,Nanpi,,,Yuan Shao
yuan-shang,Yuan Shang,50,70,72,178,210,appears later,,Nanpi,196,Yuan Shao,Yuan Shao
gao-lan,Gao Lan,50,80,55,160,215,serving,Han Fu,Ye,,,
xin-pi,Xin Pi,85,30,60,170,235,serving,Yuan Shao,Nanpi,,,
xin-ping,Xin Ping,70,20,58,160,210,serving,Yuan Shao,Nanpi,,,
han-fu,Han Fu,45,40,50,150,200,serving,Han Fu,Ye,,,
pan-feng,Pan Feng,20,75,30,150,200,serving,Han Fu,Ye,,,
gongsun-zan,Gongsun Zan,60,85,70,150,205,serving,Gongsun Zan,Beiping,,,Gongsun Zan
tian-kai,Tian Kai,45,70,50,155,205,serving,Gongsun Zan,Beiping,,,
yan-gang,Yan Gang,30,70,40,155,205,serving,Gongsun Zan,Beiping,,,
gongsun-yue,Gongsun Yue,40,68,50,155,205,serving,Gongsun Zan,Beiping,,,Gongsun Zan
gongsun-fan,Gongsun Fan,40,65,50,155,205,serving,Gongsun Zan,Beiping,,,Gongsun Zan
guan-jing,Guan Jing,60,20,40,155,205,serving,Gongsun Zan,Beiping,,,
liu-yu,Liu Yu,60,20,90,142,200,serving,Liu Yu,Ji,,,
xianyu-fu,Xianyu Fu,50,70,60,155,210,serving,Liu Yu,Ji,,,
tian-chou,Tian Chou,80,70,70,169,214,serving,Liu Yu,Ji,,,
gongsun-du,Gongsun Du,70,70,60,150,204,serving,Gongsun Du,Xiangping,,,Gongsun Du
gongsun-kang,Gongsun Kang,60,70,55,170,221,serving,Gongsun Du,Xiangping,,,Gongsun Du
gongsun-gong,Gongsun Gong,40,40,40,170,228,serving,Gongsun Du,Xiangping,,,Gongsun Du
kong-rong,Kong Rong,80,25,85,153,208,serving,Kong Rong,Beihai,,,
wang-xiu,Wang Xiu,70,40,70,160,215,serving,Kong Rong,Beihai,,,
zong-bao,Zong Bao,20,60,30,155,205,serving,Kong Rong,Beihai,,,
tao-qian,Tao Qian,60,40,75,132,197,serving,Tao Qian,Xiapi,,,
cao-bao,Cao Bao,20,65,20,150,200,serving,Tao Qian,Xiapi,,,
chen-gui,Chen Gui,80,20,60,140,205,serving,Tao Qian,Xiapi,,,Chen Gui
chen-deng,Chen Deng,88,60,70,163,210,serving,Tao Qian,Xiapi,,,Chen Gui
zang-ba,Zang Ba,50,78,60,165,230,serving,Tao Qian,Langye,,,
sun-guan,Sun Guan,40,70,50,160,215,serving,Tao Qian,Langye,,,
liu-dai,Liu Dai,50,40,60,150,200,serving,Liu Dai,Puyang,,,
bao-xin,Bao Xin,65,65,70,152,200,serving,Liu Dai,Puyang,,,
yuan-shu,Yuan Shu,60,60,62,155,205,serving,Yuan Shu,Wan,,,Yuan Shao
ji-ling,Ji Ling,40,84,50,155,205,serving,Yuan Shu,Runan,,,
lei-bo,Lei Bo,20,70,20,160,210,serving,Yuan Shu,Wan,,,
chen-lan,Chen Lan,25,70,30,160,210,serving,Yuan Shu,Wan,,,
yan-xiang,Yan Xiang,80,20,40,150,205,serving,Yuan Shu,Wan,,,
zhang-xun,Zhang Xun,45,70,40,160,210,serving,Yuan Shu,Wan,,,
qiao-rui,Qiao Rui,20,65,30,160,205,serving,Yuan Shu,Runan,,,
yang-hong,Yang Hong,75,20,40,150,205,serving,Yuan Shu,Wan,,,
li-feng,Li Feng,30,65,30,160,205,serving,Yuan Shu,Runan,,,
han-yin,Han Yin,55,40,40,150,205,serving,Yuan Shu,Wan,,,
yuan-yin,Yuan Yin,55,30,50,160,205,serving,Yuan Shu,Wan,,,Yuan Shao
liu-biao,Liu Biao,70,40,85,142,208,serving,Liu Biao,Xiangyang,,,Liu Biao
kuai-liang,Kuai Liang,88,30,70,160,215,serving,Liu Biao,Xiangyang,,,Kuai Liang
kuai-yue,Kuai Yue,90,30,70,160,214,serving,Liu Biao,Xiangyang,,,Kuai Liang
cai-mao,Cai Mao,70,75,45,160,215,serving,Liu Biao,Xiangyang,,,
zhang-yun,Zhang Yun,55,70,40,160,210,serving,Liu Biao,Xiangyang,,,
huang-zu,Huang Zu,55,70,40,150,208,serving,Liu Biao,Jiangxia,,,
wang-wei,Wang Wei,70,40,60,160,215,serving,Liu Biao,Xiangyang,,,
yi-ji,Yi Ji,80,30,78,170,221,serving,Liu Biao,Xiangyang,,,
liu-qi,Liu Qi,60,30,75,175,215,serving,Liu Biao,Xiangyang,,Liu Biao,Liu Biao
liu-zong,Liu Zong,40,30,55,190,240,appears later,,Xiangyang,200,Liu Biao,Liu Biao
liu-yan,Liu Yan,70,30,70,140,200,serving,Liu Yan,Chengdu,,,Liu Yan
liu-zhang,Liu Zhang,45,30,65,162,219,serving,Liu Yan,Chengdu,,,Liu Yan
zhang-song,Zhang Song,90,20,40,170,215,serving,Liu Yan,Chengdu,,,
wang-lei,Wang Lei,60,30,60,160,215,serving,Liu Yan,Chengdu,,,
wu-ban,Wu Ban,55,70,55,170,230,serving,Liu Yan,Chengdu,,,
leng-bao,Leng Bao,45,76,45,170,215,serving,Liu Yan,Zitong,,,
deng-xian,Deng Xian,40,72,40,170,215,serving,Liu Yan,Zitong,,,
liu-gui,Liu Gui,60,60,55,165,220,serving,Liu Yan,Zitong,,,
yang-huai,Yang Huai,50,70,40,170,215,serving,Liu Yan,Jiangzhou,,,
gao-pei,Gao Pei,45,71,40,170,215,serving,Liu Yan,Jiangzhou,,,
fei-guan,Fei Guan,60,60,55,170,225,serving,Liu Yan,Chengdu,,,
meng-da,Meng Da,70,75,40,170,228,free (searchable),,Jianning,189,,
zhang-lu,Zhang Lu,70,40,80,160,216,serving,Zhang Lu,Hanzhong,,,Zhang Lu
yan-pu,Yan Pu,80,30,60,160,220,serving,Zhang Lu,Hanzhong,,,
yang-ren,Yang Ren,40,74,40,165,215,serving,Zhang Lu,Hanzhong,,,
yang-ang,Yang Ang,40,72,40,165,215,serving,Zhang Lu,Hanzhong,,,
yang-song,Yang Song,60,20,10,160,215,serving,Zhang Lu,Hanzhong,,,
zhang-wei,Zhang Wei,40,70,40,165,215,serving,Zhang Lu,Hanzhong,,,Zhang Lu
ma-teng,Ma Teng,50,85,80,156,212,serving,Ma Teng,Wuwei,,,Ma Teng
ma-xiu,Ma Xiu,40,72,50,175,212,serving,Ma Teng,Wuwei,,Ma Teng,Ma Teng
ma-tie,Ma Tie,40,70,50,177,212,serving,Ma Teng,Wuwei,,Ma Teng,Ma Teng
han-sui,Han Sui,72,70,68,140,215,serving,Han Sui,Xiliang,,,
yan-xing,Yan Xing,40,83,50,165,220,serving,Han Sui,Xiliang,,,
cheng-yi,Cheng Yi,30,74,30,160,211,serving,Han Sui,Xiliang,,,
yang-qiu,Yang Qiu,40,70,30,160,215,serving,Han Sui,Xiliang,,,
hou-xuan,Hou Xuan,30,70,30,160,215,serving,Han Sui,Xiliang,,,
li-kan,Li Kan,30,70,30,160,211,serving,Han Sui,Xiliang,,,
liang-xing,Liang Xing,30,72,30,160,212,serving,Han Sui,Xiliang,,,
wang-lang,Wang Lang,80,30,70,160,228,serving,Wang Lang,Kuaiji,,,
yan-baihu,Yan Baihu,30,72,40,150,200,serving,Yan Baihu,Wu,,,Yan Baihu
yan-yu,Yan Yu,20,68,20,155,200,serving,Yan Baihu,Wu,,,Yan Baihu
liu-yao,Liu Yao,60,40,70,157,200,serving,Liu Yao,Jianye,,,
ze-rong,Ze Rong,40,65,20,160,200,serving,Liu Yao,Jianye,,,
xue-li,Xue Li,30,50,30,150,200,serving,Liu Yao,Jianye,,,
zhang-ying,Zhang Ying,40,68,40,160,205,serving,Liu Yao,Jianye,,,
fan-neng,Fan Neng,30,66,30,160,205,serving,Liu Yao,Jianye,,,
shi-xie,Shi Xie,76,40,80,137,226,serving,Shi Xie,Jiaozhi,,,Shi Xie
shi-hui,Shi Hui,50,60,50,165,227,serving,Shi Xie,Nanhai,,,Shi Xie
shi-yi,Shi Yi,60,30,60,150,220,serving,Shi Xie,Jiaozhi,,,Shi Xie
shi-wu,Shi Wu,40,60,40,155,215,serving,Shi Xie,Jiaozhi,,,Shi Xie
zhang-yan,Zhang Yan,50,80,60,150,210,serving,Zhang Yan,Shangdang,,,
meng-huo,Meng Huo,40,87,75,170,240,serving,Meng Huo,Yunnan,,,Meng Huo
zhu-rong,Zhu Rong,30,85,60,172,240,serving,Meng Huo,Yunnan,,,Meng Huo
meng-you,Meng You,20,78,40,175,240,serving,Meng Huo,Yunnan,,,Meng Huo
dai-lai-dongzhu,Dai Lai Dongzhu,30,70,40,175,230,serving,Meng Huo,Yunnan,,,
wutugu,Wutugu,20,88,30,180,230,appears later,,Zangke,215,,
ahuinan,Ahuinan,20,72,20,175,230,serving,Meng Huo,Yunnan,,,
dongtuna,Dongtuna,20,72,20,175,230,serving,Meng Huo,Yunnan,,,
liu-du,Liu Du,50,30,50,150,215,appears later,,Lingling,194,,
xing-daorong,Xing Daorong,20,78,20,165,210,appears later,,Lingling,207,,
zhao-fan,Zhao Fan,50,40,50,155,215,free (searchable),,Guiyang,189,,
chen-ying,Chen Ying,30,70,30,165,210,appears later,,Guiyang,202,,
bao-long,Bao Long,20,70,20,165,210,free (searchable),,Guiyang,190,,
jin-xuan,Jin Xuan,40,50,30,155,210,appears later,,Xiangyang,201,,
gong-zhi,Gong Zhi,60,40,60,165,225,free (searchable),,Xiangyang,190,,
shamoke,Shamoke,20,85,30,175,222,appears later,,Jianning,215,,
han-xuan,Han Xuan,30,60,20,150,215,appears later,,Changsha,200,,
gongsun-yuan,Gongsun Yuan,60,70,40,190,238,appears later,,Xiangping,220,,
zhao-tong,Zhao Tong,50,70,55,190,240,appears later,,Ji,200,Zhao Yun,
zhao-guang,Zhao Guang,55,75,60,192,245,appears later,,Ji,202,Zhao Yun,
liu-feng,Liu Feng,45,78,50,190,220,appears later,,Pingyuan,205,Liu Bei,
guan-suo,Guan Suo,55,80,65,192,225,appears later,,Pingyuan,207,Guan Yu,
liu-chan,Liu Chan,20,15,70,207,271,appears later,,Pingyuan,222,Liu Bei,
shen-rong,Shen Rong,40,50,45,170,205,appears later,,Nanpi,193,,
zhang-nan,Zhang Nan,45,70,40,165,222,free (searchable),,Nanpi,189,,
jiang-yiqu,Jiang Yiqu,30,72,35,165,215,free (searchable),,Nanpi,189,,
zhuge-dan,Zhuge Dan,70,70,70,205,258,appears later,,Ye,225,,
wang-kai,Wang Kai,45,60,40,165,215,appears later,,Chenliu,191,,
xiahou-en,Xiahou En,30,65,30,170,208,free (searchable),,Chenliu,189,,
xiahou-ba,Xiahou Ba,60,82,60,190,259,appears later,,Chenliu,201,Xiahou Yuan,
xiahou-wei,Xiahou Wei,55,70,55,195,255,appears later,,Chenliu,204,Xiahou Yuan,
xiahou-mao,Xiahou Mao,40,50,40,185,240,appears later,,Chenliu,193,Xiahou Dun,
wang-zhong,Wang Zhong,40,62,40,165,220,free (searchable),,Chenliu,190,,
xiahou-hui,Xiahou Hui,70,40,60,200,240,appears later,,Chenliu,210,Xiahou Yuan,
mao-jie,Mao Jie,80,30,70,160,216,free (searchable),,Chenliu,189,,
xiahou-shang,Xiahou Shang,60,50,55,185,225,appears later,,Chenliu,203,Xiahou Dun,
xiahou-de,Xiahou De,40,65,40,185,220,appears later,,Chenliu,203,Xiahou Dun,
xiahou-he,Xiahou He,65,40,55,200,250,appears later,,Chenliu,216,Xiahou Yuan,
sima-shi,Sima Shi,90,72,80,208,255,appears later,,Luoyang,223,Sima Yi,
sima-zhao,Sima Zhao,90,70,80,211,265,appears later,,Luoyang,226,Sima Yi,
yang-xiu,Yang Xiu,90,20,50,175,219,appears later,,Luoyang,198,,
hu-xin,Hu Xin,30,60,30,170,210,free (searchable),,Luoyang,189,,
wang-kuang,Wang Kuang,40,55,40,160,200,free (searchable),,Luoyang,189,,
song-xian,Song Xian,25,70,25,165,205,free (searchable),,Luoyang,189,,
chen-jiao,Chen Jiao,80,30,60,170,237,appears later,,Hongnong,194,,
du-xi,Du Xi,70,30,60,170,225,appears later,,Hongnong,193,,
dong-heng,Dong Heng,25,60,25,170,219,appears later,,Hongnong,194,,
wang-shuang,Wang Shuang,20,85,20,195,228,appears later,,Chang'an,216,,
huang-wan,Huang Wan,65,30,70,141,200,free (searchable),,Chang'an,189,,
guo-huai,Guo Huai,80,80,70,190,255,appears later,,Tianshui,215,,
ma-wan,Ma Wan,30,70,30,165,211,free (searchable),,Wuwei,190,,
li-zhan,Li Zhan,30,62,30,165,211,appears later,,Wuwei,191,,
zhang-heng,Zhang Heng,30,68,30,165,211,appears later,,Wuwei,193,,
dian-man,Dian Man,25,72,35,190,240,appears later,,Xuchang,195,Dian Wei,
cao-rui,Cao Rui,80,50,80,204,239,appears later,,Xuchang,220,Cao Cao,
zhong-hui,Zhong Hui,95,70,60,225,264,appears later,,Xuchang,230,Zhong Yao,
fu-gan,Fu Gan,70,30,50,175,215,appears later,,Xuchang,192,,
chen-tai,Chen Tai,75,72,65,200,260,appears later,,Xuchang,215,Chen Qun,
guo-yi,Guo Yi,60,30,50,190,230,appears later,,Xuchang,200,Guo Jia,
lu-jian,Lu Jian,30,60,30,165,210,free (searchable),,Xuchang,189,,
zhu-ling,Zhu Ling,55,76,50,165,225,free (searchable),,Xuchang,189,,
cao-shuang,Cao Shuang,40,50,40,205,249,appears later,,Xuchang,230,Cao Zhen,
zhang-miao,Zhang Miao,60,40,70,150,205,free (searchable),,Xuchang,189,,
cheng-wu,Cheng Wu,70,30,40,200,250,appears later,,Xuchang,216,Cheng Yu,
chen-xi,Chen Xi,30,55,30,165,210,appears later,,Xuchang,191,,
lu-qian,Lu Qian,60,65,60,165,230,free (searchable),,Xuchang,189,,
cao-zhi,Cao Zhi,90,25,80,192,232,appears later,,Xuchang,207,Cao Cao,
li-tong,Li Tong,45,76,60,168,209,free (searchable),,Xuchang,189,,
jia-hua,Jia Hua,30,65,30,170,225,free (searchable),,Shouchun,189,,
tan-xiong,Tan Xiong,20,68,20,170,222,appears later,,Shouchun,200,,
han-xian,Han Xian,30,60,25,160,205,free (searchable),,Jiangling,189,,
fu-shiren,Fu Shiren,40,60,30,170,222,appears later,,Jiangling,214,,
cai-he,Cai He,25,60,25,175,208,appears later,,Xiangyang,197,,
li-gui,Li Gui,50,40,40,165,208,free (searchable),,Xiangyang,189,,
cai-zhong,Cai Zhong,25,60,25,175,208,appears later,,Xiangyang,200,,
wang-can,Wang Can,85,20,70,177,217,free (searchable),,Xiangyang,189,,
huo-jun,Huo Jun,65,70,65,178,217,appears later,,Xiangyang,193,,
liu-ba,Liu Ba,85,20,60,180,222,appears later,,Xiangyang,192,,
sun-liang,Sun Liang,60,30,55,243,260,appears later,,Changsha,258,Sun Quan,
sun-huan,Sun Huan,60,72,65,195,234,appears later,,Changsha,201,Sun Jian,
yang-ling,Yang Ling,20,68,20,170,208,appears later,,Changsha,200,,
sun-deng,Sun Deng,75,30,80,209,241,appears later,,Changsha,222,Sun Quan,
sun-he,Sun He,70,30,70,224,253,appears later,,Changsha,238,Sun Quan,
sun-yi,Sun Yi,50,70,55,184,210,appears later,,Changsha,199,Sun Jian,
huan-cheng,Huan Cheng,30,60,30,170,210,appears later,,Changsha,191,,
han-hao,Han Hao,60,60,50,165,225,free (searchable),,Changsha,190,,
sun-yu,Sun Yu,65,60,65,177,215,appears later,,Changsha,198,Sun Jian,
quan-zong,Quan Zong,70,72,70,180,247,appears later,,Jianye,198,,
lu-ba,Lu Ba,30,50,30,200,250,appears later,,Jianye,215,Lu Meng,
xue-zong,Xue Zong,75,20,60,175,243,appears later,,Jianye,202,,
cheng-bing,Cheng Bing,75,20,60,170,225,appears later,,Jianye,200,,
song-qian,Song Qian,40,70,40,175,220,appears later,,Jianye,194,,
zhou-fang,Zhou Fang,85,40,60,190,250,appears later,,Jianye,208,,
zhang-cheng,Zhang Cheng,70,65,60,178,244,appears later,,Jianye,202,Zhang Zhao,
zhang-xiu-2,Zhang Xiu,65,30,55,180,239,appears later,,Jianye,195,Zhang Zhao,
dong-xi,Dong Xi,30,80,50,165,217,appears later,,Jianye,200,,
yan-jun,Yan Jun,75,30,70,177,240,appears later,,Jianye,201,,
lu-ji,Lu Ji,80,20,60,188,219,appears later,,Jianye,200,,
zhuge-ke,Zhuge Ke,90,60,60,203,253,appears later,,Jianye,218,Zhuge Jin,
zhang-wen,Zhang Wen,80,20,70,193,230,appears later,,Jianye,206,,
xie-jing,Xie Jing,60,60,50,185,240,appears later,,Jianye,209,,
cai-xun,Cai Xun,40,60,40,170,220,free (searchable),,Wu,189,,
li-yi,Li Yi,40,55,40,170,220,free (searchable),,Wu,189,,
zhu-ran,Zhu Ran,70,80,65,182,249,free (searchable),,Kuaiji,189,,
lu-fan,Lu Fan,70,60,60,160,228,free (searchable),,Yuzhang,189,,
ma-zhong-2,Ma Zhong,40,72,40,180,222,appears later,,Yuzhang,195,,
yuan-pu,Yuan Pu,30,55,30,170,220,free (searchable),,Yong'an,190,,
fei-shi,Fei Shi,70,20,50,175,240,appears later,,Zitong,193,,
liu-bao,Liu Bao,30,60,30,195,240,appears later,,Zangke,209,,
zhang-zhu,Zhang Zhu,30,65,30,195,240,appears later,,Zangke,210,,
yang-yi,Yang Yi,80,30,30,190,235,appears later,,Hanzhong,210,,
zhang-ni,Zhang Ni,70,78,60,200,254,appears later,,Hanzhong,216,,
pang-yi,Pang Yi,40,60,40,165,225,appears later,,Chengdu,210,,
deng-zhi,Deng Zhi,85,50,70,180,251,appears later,,Chengdu,214,,
yang-hong-2,Yang Hong,80,20,60,170,228,appears later,,Chengdu,199,,
deng-qian,Deng Qian,30,60,30,175,225,appears later,,Chengdu,192,,
dong-yun,Dong Yun,85,20,70,190,246,appears later,,Chengdu,211,,
guo-youzhi,Guo Youzhi,70,20,60,190,245,appears later,,Chengdu,216,,
liu-xun,Liu Xun,40,50,50,190,240,appears later,,Chengdu,205,Liu Zhang,
fu-tong,Fu Tong,45,75,50,195,222,appears later,,Chengdu,216,,
yin-mo,Yin Mo,60,20,40,195,245,appears later,,Chengdu,217,,
xu-jing,Xu Jing,75,15,75,150,222,free (searchable),,Chengdu,189,,
chen-shi,Chen Shi,30,70,30,190,235,appears later,,Chengdu,208,,
zhang-yi,Zhang Yi,65,76,60,195,264,appears later,,Jiangzhou,214,,
lu-yi,Lu Yi,30,60,30,175,220,free (searchable),,Jiangzhou,189,,
shang-guang,Shang Guang,30,60,30,180,230,appears later,,Jiangzhou,199,,
wang-kang,Wang Kang,50,40,60,180,230,free (searchable),,Jianning,189,,
lu-kai,Lu Kai,75,40,70,185,235,free (searchable),,Jianning,189,,
gao-ding,Gao Ding,30,72,40,180,225,free (searchable),,Yunnan,189,,
